name,colors,color_pairs,game_played_wr,opening_hand_wr,game_in_hand_wr
Abhorrent Oculus,U,"WU,UB,UG,UR",0.5618521078092605,0.564042303172738,0.5933374678834057
Acrobatic Cheerleader,W,"WU,WG,WB,WR",0.5414736529675525,0.5417093366884161,0.5321521163843478
"Altanak, the Thrice-Called",G,"RG,WG,BG,UG",0.5386950793378015,0.5139251847980288,0.5391745112237509
Anthropede,G,"RG,WG,BG,UG",0.515444167950389,0.479876160990712,0.5023527663579177
Appendage Amalgam,B,"UB,BR,WB,BG",0.5095605266060381,0.5000292791473913,0.51440329218107
Balemurk Leech,B,"UB,BR,WB,BG",0.5026195493223715,0.4968741859859338,0.5057261275017724
Balustrade Wurm,G,"RG,WG,BG,UG",0.5617862487201701,0.564472284599929,0.5861629279811098
Bashful Beastie,G,"RG,WG,BG,UG",0.5429900135750864,0.5340764421308739,0.5485187956686328
Bedhead Beastie,R,"BR,RG,UR,WR",0.5176349588601245,0.490222421256904,0.5095695261690926
Betrayer's Bargain,R,"BR,RG,UR,WR",0.5584883023395321,0.5559671116900032,0.5785482672431264
Boilerbilges Ripper,R,"BR,RG,UR,WR",0.5300569426193605,0.512849931161083,0.5310005321979776
Bottomless Pool // Locker Room,U,"WU,UB,UG,UR",0.5469114562466122,0.5429453506589255,0.574341668312122
Break Down the Door,G,"RG,WG,BG,UG",0.5454829688558476,0.5353691137158133,0.5573694325357437
Cackling Slasher,B,"UB,BR,WB,BG",0.4748275272250413,0.4456997084548105,0.4628790025502975
Cathartic Parting,G,"RG,WG,BG,UG",0.530835734870317,0.5136292514205715,0.5385953967889155
Cautious Survivor,G,"RG,WG,BG,UG",0.5282404524699045,0.5104299363057325,0.5243008773947619
Central Elevator // Promising Stairs,U,"WU,UB,UG,UR",0.4931900808508329,0.4702986544141779,0.5194914237735396
Chainsaw,R,"BR,RG,UR,WR",0.562853321444494,0.60932944606414,0.6017879616369396
Charred Foyer // Warped Space,R,"BR,RG,UR,WR",0.5055776892430279,0.4767025089605735,0.498011137629276
Clammy Prowler,U,"WU,UB,UG,UR",0.5125765164162494,0.4881538822425522,0.5127293730839294
Clockwork Percussionist,R,"BR,RG,UR,WR",0.5648821890893337,0.5887958026571888,0.5718801056633736
Come Back Wrong,B,"UB,BR,WB,BG",0.5306670041766864,0.5294910179640718,0.5628418585081445
Commune with Evil,B,"UB,BR,WB,BG",0.533092931873676,0.5427668278170323,0.5639472882388787
Coordinated Clobbering,G,"RG,WG,BG,UG",0.5387740273465883,0.5466922077033591,0.5545668601467528
Cracked Skull,B,"UB,BR,WB,BG",0.5136547027682549,0.5017813880575744,0.5218066807235601
Creeping Peeper,U,"WU,UB,UG,UR",0.5180229003390584,0.5125559272844532,0.5155819516621298
Cryptid Inspector,G,"RG,WG,BG,UG",0.5291683507515831,0.513248393279964,0.522950895400582
Cult Healer,W,"WU,WG,WB,WR",0.5352593201387628,0.5256224182203862,0.5291202855666713
Cursed Recording,R,"BR,RG,UR,WR",0.5135410303400529,0.503052503052503,0.5017861395570374
Cursed Windbreaker,U,"WU,UB,UG,UR",0.5536474935148226,0.5491033784923267,0.5708919772862856
Cynical Loner,B,"UB,BR,WB,BG",0.5305724623453847,0.558476101071736,0.5484848484848485
Daggermaw Megalodon,U,"WU,UB,UG,UR",0.527609351997405,0.5028831118060985,0.5260304521685635
Dashing Bloodsucker,B,"UB,BR,WB,BG",0.5048994974874372,0.512525826446281,0.5221322003754569
Dazzling Theater // Prop Room,W,"WU,WG,WB,WR",0.4520215165712302,0.3688172043010753,0.3989314336598397
Defiant Survivor,G,"RG,WG,BG,UG",0.541877183358836,0.556898730699489,0.5488235982675875
Defiled Crypt // Cadaver Lab,B,"UB,BR,WB,BG",0.518181937914049,0.4996337592577521,0.535358644453577
Demonic Counsel,B,"UB,BR,WB,BG",0.5040417209908735,0.4667774086378737,0.5123216601815823
Derelict Attic // Widow's Walk,B,"UB,BR,WB,BG",0.5153835229106684,0.5110530246452577,0.5319399915310629
Diversion Specialist,R,"BR,RG,UR,WR",0.5374768700413171,0.5152963671128107,0.5334126193307833
Dollmaker's Shop // Porcelain Gallery,W,"WU,WG,WB,WR",0.5660810075410091,0.6274509803921569,0.6240636271155091
Don't Make a Sound,U,"WU,UB,UG,UR",0.539290025068862,0.5476577064165012,0.5514744920121627
Doomsday Excruciator,B,"UB,BR,WB,BG",0.467645836220036,0.4059216809933142,0.4344002813928948
Duskmourn's Domination,U,"WU,UB,UG,UR",0.5348705775969255,0.5165725247788554,0.5492659242418404
Emerge from the Cocoon,W,"WU,WG,WB,WR",0.5165736827275289,0.5029445561620224,0.5416065154032631
Enduring Courage,R,"BR,RG,UR,WR",0.548484910569772,0.553646477132262,0.5618416319819125
Enduring Curiosity,U,"WU,UB,UG,UR",0.5631410378617455,0.6154193475561576,0.6058953382677574
Enduring Innocence,W,"WU,WG,WB,WR",0.565455706896907,0.613838242169238,0.5990900909909009
Enduring Tenacity,B,"UB,BR,WB,BG",0.500023702299123,0.4762594093804285,0.5170152628603731
Enduring Vitality,G,"RG,WG,BG,UG",0.538535733970237,0.5662216288384513,0.5644503991514542
Enter the Enigma,U,"WU,UB,UG,UR",0.5061445691168613,0.4621808637556669,0.5063244391099622
Entity Tracker,U,"WU,UB,UG,UR",0.5641645608740705,0.6372788285539963,0.614402843410477
Erratic Apparition,U,"WU,UB,UG,UR",0.5253800241628649,0.5131252310780119,0.5271661818722266
Ethereal Armor,W,"WU,WG,WB,WR",0.5572772551189817,0.5615309126594701,0.5772000841131322
Exorcise,W,"WU,WG,WB,WR",0.5525650672377534,0.5532038271962888,0.566793711291091
Fanatic of the Harrowing,B,"UB,BR,WB,BG",0.5272801013941698,0.5335866633978916,0.5473359860248447
Fear of Abduction,W,"WU,WG,WB,WR",0.5477083863308743,0.5366228683254124,0.5626946622274729
Fear of Being Hunted,R,"BR,RG,UR,WR",0.5598080932561366,0.5735586481113321,0.56983571555661
Fear of Burning Alive,R,"BR,RG,UR,WR",0.5563220186711456,0.5418312387791742,0.5758184252160156
Fear of Exposure,G,"RG,WG,BG,UG",0.5337617584055137,0.5132435953104646,0.5259053086312372
Fear of Failed Tests,U,"WU,UB,UG,UR",0.5065558966949611,0.4967456996745699,0.5095205123766661
Fear of Falling,U,"WU,UB,UG,UR",0.5440904438622685,0.525540971975878,0.5559187434187434
Fear of Immobility,W,"WU,WG,WB,WR",0.54775714583768,0.5271650167589056,0.5484805941759884
Fear of Impostors,U,"WU,UB,UG,UR",0.5337568963889227,0.5152061644397081,0.5385497277156779
Fear of Isolation,U,"WU,UB,UG,UR",0.5656411775492644,0.5644272674944495,0.5965763149917838
Fear of Lost Teeth,B,"UB,BR,WB,BG",0.5299983403407834,0.5387419165196943,0.5420443475820166
Fear of Missing Out,R,"BR,RG,UR,WR",0.5660240793701232,0.598545036852685,0.5988562091503268
Fear of Surveillance,W,"WU,WG,WB,WR",0.5540751078031779,0.5618621671071355,0.5537565584263383
Fear of the Dark,B,"UB,BR,WB,BG",0.4979760571871501,0.4861995753715499,0.5082152263890631
Final Vengeance,B,"UB,BR,WB,BG",0.5405073549274331,0.5347025921693631,0.5657800733167024
Flesh Burrower,G,"RG,WG,BG,UG",0.5367905113646804,0.5376859675496345,0.5415340511500869
Floodpits Drowner,U,"WU,UB,UG,UR",0.5609634388046274,0.5576961350157227,0.5891286492944076
Frantic Strength,G,"RG,WG,BG,UG",0.5265220623015069,0.5134962805526037,0.5351427193405534
Friendly Ghost,W,"WU,WG,WB,WR",0.5495306755396718,0.5387453874538746,0.553113812781342
Funeral Room // Awakening Hall,B,"UB,BR,WB,BG",0.5270021933724583,0.4987645605365337,0.5574086836664369
Get Out,U,"WU,UB,UG,UR",0.5402783209901465,0.5324814446399878,0.553475935828877
Ghostly Dancers,W,"WU,WG,WB,WR",0.5753381391200951,0.6248613883344423,0.6438127090301003
Ghostly Keybearer,U,"WU,UB,UG,UR",0.5207999565536156,0.5003682186400458,0.5301986343885785
Give In to Violence,B,"UB,BR,WB,BG",0.4964679287934445,0.484491156113817,0.506443429731101
Glassworks // Shattered Yard,R,"BR,RG,UR,WR",0.5514734792313575,0.5524804364993897,0.570069401205789
Glimmerburst,U,"WU,UB,UG,UR",0.555389534819688,0.5541351079199685,0.5752430286352057
Glimmer Seeker,W,"WU,WG,WB,WR",0.5574766946882397,0.5866434117249916,0.5696132596685083
Grab the Prize,R,"BR,RG,UR,WR",0.5343601895734598,0.5168681219556197,0.5317098119442915
Grand Entryway // Elegant Rotunda,W,"WU,WG,WB,WR",0.5479513500210382,0.5266606620130602,0.5442643151449805
Grasping Longneck,G,"RG,WG,BG,UG",0.5356907112590584,0.524450388698487,0.5346306648384488
Greenhouse // Rickety Gazebo,G,"RG,WG,BG,UG",0.4857238831037958,0.4653636813458683,0.4960661690538632
Grievous Wound,B,"UB,BR,WB,BG",0.4395172607353353,0.4222614840989399,0.4304589707927677
Hand That Feeds,R,"BR,RG,UR,WR",0.5485683133653899,0.5424216968678747,0.5461948379916963
Hardened Escort,W,"WU,WG,WB,WR",0.5410228600033372,0.5408690517198956,0.5354426002766252
Hauntwoods Shrieker,G,"RG,WG,BG,UG",0.5514546612868975,0.5816030902945437,0.5734187512711003
Hedge Shredder,G,"RG,WG,BG,UG",0.5250594807075618,0.5270100502512562,0.5289919714540589
Horrid Vigor,G,"RG,WG,BG,UG",0.5253744223595568,0.5174625801853172,0.5336941911577724
House Cartographer,G,"RG,WG,BG,UG",0.5368922741141623,0.5607906514172054,0.5429388788028827
Impossible Inferno,R,"BR,RG,UR,WR",0.5370029726562197,0.5106361374828654,0.5404101326899879
Infernal Phantom,R,"BR,RG,UR,WR",0.5221162322125676,0.5017636684303352,0.5149123502815895
Innocuous Rat,B,"UB,BR,WB,BG",0.5404194246084517,0.5490062850348225,0.5551392247468097
Insidious Fungus,G,"RG,WG,BG,UG",0.5498187768315856,0.5607518796992481,0.5651047798445962
Irreverent Gremlin,R,"BR,RG,UR,WR",0.5665097076244316,0.588937093275488,0.575059181602976
Jump Scare,W,"WU,WG,WB,WR",0.5544659604987311,0.544576489963057,0.5546641756873089
Killer's Mask,B,"UB,BR,WB,BG",0.5098377281947262,0.4992939277788985,0.5119518628420705
"Kona, Rescue Beastie",G,"RG,WG,BG,UG",0.5067368503751424,0.4888784827909155,0.5026727573136359
Let's Play a Game,B,"UB,BR,WB,BG",0.5284823189469339,0.5181086519114688,0.5577127510770435
Leyline of Hope,W,"WU,WG,WB,WR",0.4059233449477352,,0.4166666666666667
Leyline of Mutation,G,"RG,WG,BG,UG",0.4117647058823529,,0.4285714285714285
Leyline of Resonance,R,"BR,RG,UR,WR",0.4337539432176656,,0.375886524822695
Leyline of the Void,B,"UB,BR,WB,BG",0.4121338912133891,,0.408695652173913
Leyline of Transformation,U,"WU,UB,UG,UR",0.412037037037037,0.0,0.4
Lionheart Glimmer,W,"WU,WG,WB,WR",0.5476132923558594,0.5427347214913929,0.55409447652895
Live or Die,B,"UB,BR,WB,BG",0.5254787030708816,0.5136926438455935,0.552439226978238
Living Phone,W,"WU,WG,WB,WR",0.5323561633485702,0.5041056369285397,0.5129772473681657
Manifest Dread,G,"RG,WG,BG,UG",0.5506298425310072,0.5593592066367884,0.5623699785515006
Marina Vendrell's Grimoire,U,"WU,UB,UG,UR",0.4121621621621621,0.2916666666666667,0.3412322274881517
Meathook Massacre II,B,"UB,BR,WB,BG",0.492176386913229,0.4426573426573426,0.4957087126137841
Meat Locker // Drowned Diner,U,"WU,UB,UG,UR",0.5377907312065273,0.5112471624131526,0.553908283707164
Miasma Demon,B,"UB,BR,WB,BG",0.5194337942688932,0.5132837407013815,0.5337828785781271
Mirror Room // Fractured Realm,U,"WU,UB,UG,UR",0.5308243727598566,0.5053258145363408,0.5511755760907708
Moldering Gym // Weight Room,G,"RG,WG,BG,UG",0.5305634418570353,0.5340084643288996,0.542219503975436
Monstrous Emergence,G,"RG,WG,BG,UG",0.5476646899690059,0.5440713312904324,0.562020811708985
Most Valuable Slayer,R,"BR,RG,UR,WR",0.5496978639685216,0.537532741327541,0.5467401052660187
Murder,B,"UB,BR,WB,BG",0.5282417570763471,0.5203596660244059,0.5508500188893086
"Norin, Swift Survivalist",R,"BR,RG,UR,WR",0.5535215756262349,0.5659246575342466,0.5436912225705329
Nowhere to Run,B,"UB,BR,WB,BG",0.540997679376639,0.5580460985409177,0.5758857861962724
Omnivorous Flytrap,G,"RG,WG,BG,UG",0.5527985365094192,0.5498039215686275,0.576816545102022
Optimistic Scavenger,W,"WU,WG,WB,WR",0.5713204930176843,0.6484216111061986,0.6067618018837531
Orphans of the Wheat,W,"WU,WG,WB,WR",0.5403518876592477,0.547030080928386,0.5322664993201548
Osseous Sticktwister,B,"UB,BR,WB,BG",0.5450632383336178,0.5556614765385023,0.5665895316804408
Overgrown Zealot,G,"RG,WG,BG,UG",0.5348685084679934,0.5669949610627577,0.5469715082685794
Overlord of the Balemurk,B,"UB,BR,WB,BG",0.5619655445709757,0.6298042914406979,0.6192371154032806
Overlord of the Boilerbilges,R,"BR,RG,UR,WR",0.5813525749858517,0.6280312371557748,0.6415468090603738
Overlord of the Floodpits,U,"WU,UB,UG,UR",0.5726190476190476,0.6233123312331234,0.6320151959937834
Overlord of the Hauntwoods,G,"RG,WG,BG,UG",0.5381502092627513,0.5670019026909486,0.5670711708756969
Overlord of the Mistmoors,W,"WU,WG,WB,WR",0.5888835649257307,0.6797371767698177,0.681910122240788
Painter's Studio // Defaced Gallery,R,"BR,RG,UR,WR",0.5594012233731903,0.5607414024117909,0.5739481512962176
Paranormal Analyst,U,"WU,UB,UG,UR",0.5480796103325748,0.5695173581710415,0.5643559826126745
Patched Plaything,W,"WU,WG,WB,WR",0.5462169897365469,0.5380817628996327,0.5383445237096097
Patchwork Beastie,G,"RG,WG,BG,UG",0.5605388545813611,0.6034878587196468,0.578316959221733
Piggy Bank,R,"BR,RG,UR,WR",0.5608086552465497,0.5972158306488725,0.5760611788967176
Piranha Fly,U,"WU,UB,UG,UR",0.5400743460718981,0.5478123397709793,0.5439291000196151
Popular Egotist,B,"UB,BR,WB,BG",0.5349088572096284,0.5215808632345293,0.545406565567714
Possessed Goat,W,"WU,WG,WB,WR",0.5152985270679721,0.5275077760497667,0.5201432408236347
Pyroclasm,R,"BR,RG,UR,WR",0.5082991053845721,0.5030556449018977,0.5233222591362127
Ragged Playmate,R,"BR,RG,UR,WR",0.5561867933020419,0.5463368816530996,0.5446105447406391
Rampaging Soulrager,R,"BR,RG,UR,WR",0.4919566357754852,0.4668536990856193,0.4941166756120722
Razorkin Hordecaller,R,"BR,RG,UR,WR",0.5659214782495708,0.57481581844356,0.5875868344153004
Razorkin Needlehead,R,"BR,RG,UR,WR",0.5495241537164197,0.5719122426868906,0.5651521517315887
Reluctant Role Model,W,"WU,WG,WB,WR",0.5550709803747051,0.5951920753805267,0.5678561845988731
Resurrected Cultist,B,"UB,BR,WB,BG",0.5209515599932955,0.4973280832513008,0.5164847955768951
Ripchain Razorkin,R,"BR,RG,UR,WR",0.5296776030175788,0.5029821073558648,0.5281336797777977
Rootwise Survivor,G,"RG,WG,BG,UG",0.5358210187401965,0.5292639514186996,0.5434819034852547
Savior of the Small,W,"WU,WG,WB,WR",0.5205324866591435,0.4981697957255874,0.5074458151078783
Say Its Name,G,"RG,WG,BG,UG",0.5466088258610059,0.5387376082318986,0.5548970011360956
Scorching Dragonfire,R,"BR,RG,UR,WR",0.5570363902145169,0.5717395762671756,0.5740608963393774
Scrabbling Skullcrab,U,"WU,UB,UG,UR",0.509920061639218,0.5060329741180805,0.5156124607864595
Screaming Nemesis,R,"BR,RG,UR,WR",0.5732204000720851,0.6170943624974743,0.617338003502627
Seized from Slumber,W,"WU,WG,WB,WR",0.545355823824486,0.5384873273434357,0.5605951686627694
Shardmage's Rescue,W,"WU,WG,WB,WR",0.5539862773613753,0.5636075577983805,0.5650601555298178
Sheltered by Ghosts,W,"WU,WG,WB,WR",0.5710859856585734,0.601801717699776,0.6179582223251863
Shepherding Spirits,W,"WU,WG,WB,WR",0.5233998389897089,0.4948883431378148,0.5194501523418125
Silent Hallcreeper,U,"WU,UB,UG,UR",0.5595860646681888,0.6316803569617686,0.6040893725781186
Slavering Branchsnapper,G,"RG,WG,BG,UG",0.5407574804660434,0.5181956380107343,0.5390856124123141
Spectral Snatcher,B,"UB,BR,WB,BG",0.519374636701971,0.4991656420165115,0.5240771330077564
Spineseeker Centipede,G,"RG,WG,BG,UG",0.5518163348751629,0.5597970307681274,0.5716527476901644
Splitskin Doll,W,"WU,WG,WB,WR",0.5698398138110364,0.5858994124755198,0.5876204897145179
Split Up,W,"WU,WG,WB,WR",0.5472332866831736,0.5592598500558302,0.5758196721311475
Sporogenic Infection,B,"UB,BR,WB,BG",0.533326039653307,0.5375648589096595,0.5557725445146467
Stalked Researcher,U,"WU,UB,UG,UR",0.5368172987769879,0.540527729499131,0.5412197403662553
"Stay Hidden, Stay Silent",U,"WU,UB,UG,UR",0.5586231725481614,0.5615910859858261,0.5880821103055828
Surgical Suite // Hospital Room,W,"WU,WG,WB,WR",0.554803244620232,0.5534726669383478,0.5720823798627003
The Mindskinner,U,"WU,UB,UG,UR",0.5334953141270392,0.5385099685204617,0.5586694188631312
The Rollercrusher Ride,R,"BR,RG,UR,WR",0.5564190850959173,0.5596257216802708,0.6029633151097378
The Tale of Tamiyo,U,"WU,UB,UG,UR",0.4709035222052067,0.5353982300884956,0.4862888482632541
The Wandering Rescuer,W,"WU,WG,WB,WR",0.5528989315116483,0.5869565217391305,0.5876919772312319
Threats Around Every Corner,G,"RG,WG,BG,UG",0.5507159225730957,0.5887123391013249,0.5846094279353402
Ticket Booth // Tunnel of Hate,R,"BR,RG,UR,WR",0.5417198730344047,0.5376676348804154,0.5507877495840267
"Toby, Beastie Befriender",W,"WU,WG,WB,WR",0.5706602337215511,0.6254602253709696,0.6133653846153846
Trapped in the Screen,W,"WU,WG,WB,WR",0.5567306499841534,0.5529865125240848,0.574551033754213
Trial of Agony,R,"BR,RG,UR,WR",0.5423152831693003,0.5176278118609406,0.5375613439033597
Tunnel Surveyor,U,"WU,UB,UG,UR",0.5482004452752015,0.5459263341600074,0.5561874515307065
Turn Inside Out,R,"BR,RG,UR,WR",0.5635761103974013,0.5660932712490048,0.5701483721830162
Twist Reality,U,"WU,UB,UG,UR",0.5425906370996129,0.5263311269306024,0.5556288374868485
Twitching Doll,G,"RG,WG,BG,UG",0.5477456272066881,0.602914798206278,0.5807262704898216
"Tyvar, the Pummeler",G,"RG,WG,BG,UG",0.5730217737652682,0.6231351351351352,0.6295191612436731
Unable to Scream,U,"WU,UB,UG,UR",0.5517821020541895,0.5467188340225111,0.5685660703981535
Under the Skin,G,"RG,WG,BG,UG",0.5620007106852849,0.5748964565117349,0.5993372803366993
Underwater Tunnel // Slimy Aquarium,U,"WU,UB,UG,UR",0.5388212545953975,0.5292651967467444,0.54611795216416
Unholy Annex // Ritual Chamber,B,"UB,BR,WB,BG",0.5673964004839686,0.648689138576779,0.6489889190704091
Unidentified Hovership,W,"WU,WG,WB,WR",0.5658714543367765,0.6043996110841031,0.608061013182484
Unnerving Grasp,U,"WU,UB,UG,UR",0.5677320476388135,0.5846085932901707,0.605526331001792
Unsettling Twins,W,"WU,WG,WB,WR",0.5564341630750286,0.5634793732011513,0.567640939485308
Unstoppable Slasher,B,"UB,BR,WB,BG",0.5581694016919784,0.636634913347871,0.6152906922137691
Untimely Malfunction,R,"BR,RG,UR,WR",0.5280738901869159,0.5106134826218801,0.5296541151671936
Unwanted Remake,W,"WU,WG,WB,WR",0.50014164305949,0.4629629629629629,0.4784176986894313
Unwilling Vessel,U,"WU,UB,UG,UR",0.5307030854830551,0.5195639363582794,0.5336671713054617
Valgavoth's Faithful,B,"UB,BR,WB,BG",0.5242862327607065,0.5109635712413733,0.5392237524593096
Valgavoth's Onslaught,G,"RG,WG,BG,UG",0.5784075488370625,0.6345131120484138,0.6592696525495698
"Valgavoth, Terror Eater",B,"UB,BR,WB,BG",0.525172160192552,0.5164737310774711,0.5438051650866296
Vanish from Sight,U,"WU,UB,UG,UR",0.5552975793659916,0.5427544565842438,0.5699145703772245
Vengeful Possession,R,"BR,RG,UR,WR",0.5535721704449461,0.5419009135628953,0.5706904978007401
Veteran Survivor,W,"WU,WG,WB,WR",0.5572470885365511,0.601215644820296,0.564888000715841
Vicious Clown,R,"BR,RG,UR,WR",0.5514286099901475,0.543162872715614,0.5379122627169571
Vile Mutilator,B,"UB,BR,WB,BG",0.5277876245618182,0.5225897008509518,0.5493208856040714
Violent Urge,R,"BR,RG,UR,WR",0.537108928979219,0.521339530952884,0.5298120120382083
Walk-In Closet // Forgotten Cellar,G,"RG,WG,BG,UG",0.4917783961548191,0.4645161290322581,0.4994011976047904
Waltz of Rage,R,"BR,RG,UR,WR",0.5402336679282541,0.550367107195301,0.5626525388415977
Wary Watchdog,G,"RG,WG,BG,UG",0.5480834183710134,0.5584622843521474,0.555308111738558
Wickerfolk Thresher,G,"RG,WG,BG,UG",0.5427835095534335,0.535225596418943,0.5467145258003611
Winter's Intervention,B,"UB,BR,WB,BG",0.5317582236215674,0.5376379210220673,0.5484526531283155
Withering Torment,B,"UB,BR,WB,BG",0.5258575939784574,0.5117288220866613,0.5420237520026447
